
Avril,afoster@eagleink.com,733775604
athenkosi vundisa,okrobotnik@gmail.com,783047057
Kay-Lynn,braafkaylynn@gmail.com,818512521
Jordan David Fisher,jordanthefisher@gmail.com,820526983
leneil ballakistan,leneilballakistan@gmail.com,827689809
KRISTEN WILLSON,bernie@eln.co.za,827273612
Andile precious Mthembu,depre14@gmail.com,607814278
lorraine jood,lorrainejood@yahoo.com,605072926
Rabale Lucky,Rabaletitus@gmail.com,796179627
lindie burger,lindieburger@outlook.com,837814932
Megan harmer,Megan.harmer@hotmail.com,721304691
casandra van wyk,casandravanwykcaz@gmail.com,746758707
kholofelo makofane,kholofelo9009@gmail.com,721556806
madhir chod,madhirchod@gmail.com,780366110
René,renewillemse21@gmail.com,782768558
shaakira,shaakiramalek@yahoo.com,717967202
Sphamandla,themansssngo@gmail.com,833011587
klara,klara.kleinhans@gmail.com,765640377
shanese booysen,niceyb100@gmail.com,749903160
Brigitte Sprung,briggz@telkomsa.net,762710422
Sammy,samdlomo@cellc.BlackBerry.com,763588800
Caryn wright,wright.caryn59@gmail.com,720750530
Cherith Gray,cherith.gray@yahoo.com,810430362
Elroy Afrika,elroy.afrika@sanlam.co.za,787588550
Hendrick,hendrickjali@gmail.com,839873700
veronica theunissen,veronica.theunissen@sanlam.co.,219472088
alicia hermans,Liciahermans@gmail.com,796613671
Christell von Landsberg,christellvl@absa.co.za,824107640
Janice Wilson,janice.wilson@is.co.za,623122689
Simphiwe Mars,simphiwemars@gmail.com,846694672
Olwethu Lithole,Olwethu.litholi@yahoo.com,732842941
shaazia makda,shaazia.makda@gmail.com,833079855
NIKITA SAWRY,nsawry@gmail.com,735898431
Lizelle Doble,lizelled818@gmail.com,877544170
Jamie,jamiepeisl.hellome@gmail.com,216856709
Jay,jaybee@gmail.com,789456489
JR,hlabirwa0204@gmail.com,982314567
Zamabomvu Singeziwe Ngubane,zamabomvu@live.co.za,833203840
wayne,dick_Wayne@hotmail.com,117450100
René Mocke,Rene.mocke@yahoo.com,784584491
david champati,david.champati@yahoo.com,611788447
ntombi,twalantombi1@gmail.com,760219765
Adriena Mans,adrienam@telesure.co.za,834519206
Ferzana Mc Donald,gregory@rubbytad.co.za,792516276
Claudia Pretorius,cldzpretorius@gmail.com,766536244
werner,rudipventer@gmail.com,748869754
Emmanuel Duda,ed.solo@outlook.com,798898478
nicole mhelembe,nicczie@gmail.com,743571009
ongeziwe,ongodwane@gmail.com,792235760
Deirdre Bekker,bekkerd1@gmail.com,824627692
Geone Jacobsz,geonejacobsz@gmail.com,734283454
nene sandile,bsnene05@gmail.com,791481125
Chumile,c.mangxola@gmail.com,721083333
fayaz,fayupatel07@gmail.com,726151225
Tebogo Rampa,rampa.tj@gmail.com,760620994
Patricia,patriciab@mdd.co.za,846531036
Jeaneveve Carolus,jeanevevecarolus18@gmail.com,784507003
No Chance,uspdrfak@sharklasers.com
malusi,llucy083@gmail.com,846727090
Matthew Mashava,matthewmash@yahoo.co.uk,725421790
kenechukwu modebelu,kmodebelu@gmail.com,719169680
karen,marongo@vwsa.co.za,825018070
Jenny Smith,gymnasticsbo1@gmail.com,768563256
Anele Nongcula,anele.nongcula@gmail.com,764045641
tebogo mpe,ntombizodwa2@webmail.co.za,834567325
Adrian Rathbone,a.rathbone@mweb.co.za
Angretta Krouwkamp,angrettak@yahoo.com,832800425
Chirre,chirrepieterse@gmail.com,826057782
zinhle Vanessa,zinhlevanessa@gmail.com,712028998
Simone,dossantossimone@rocketmail.com,720496411
arsal monga,arsalmonga@gmail.com,611300314
Dhashan Pillay,46656847@mylife.unisa.ac.za
aphelele,tinaxmadlala@rocketmail.com,764369275
t mokoena,killermokoena@gmail.com,719538697
zainab,www.zainabmussa0@gmail.co.za,847631612
Larisa Munnik,capedig@iafrica.com,846066999
ndivhuwo emmanuel,nemavhungu@gmail.com,840360824
mathebula vusi,simprasimpras@gmail.com,737655837
chad,chadwilliams223@gmail.com,833447562
Marietjie Boddington,boddingtonmarietjie@gmail.com,846284105
Danelle Willemse,danellewillemsenellaw@hotmail.,742384884
Katlego Ramokoka,ramokokakatlego@gmail.com,612086540
Robyn Jessie,bonnielosper27@gmail.com,815045678
Keletso Phohlo,kellzphohlo@yahoo.com,761726956
Hein Kamffer,heinkamffer@gmail.com,832010097
Max Dolophini,medmax112@gmail.com,797288555
tyrone witbooi,witbooityrone@gmail.com,737768921
Yusra Gool,yusra.gool@gmail.com,792475712
asakhe gabavana,asakhegabas@gmail.com,789647452
zinhle,juhslovezee@gmail.com,840334057
Patricia Mafusire,talent.mafusire@gmail.com,835766152
portia,portiamoagi96@gmail.com,726111583
Ashley Fredericks,michash2014@gmail.com,846266219
zanele maphanga,zanele.maphanga@hotmail.com,792321842
sthembile nkosi,sthembilen@cmh.co.za,826872024
Zune Odendaal,odendaalzune@gmail.com,711093735
zungu simphiwe,szungu042@gmail.com,780408371
Thembalethu,tmndzimbomvu@gmail.com,781356694
emma peacock,kidosplace@gmail.com,710486704
VIWE,luhledingani@gmail.com,630492869
Sasha Fuller,sasha.fuller3009@gmail.com,713010910
suvir devagwandee,suvir25@gmail.com,711732689
Zameer Jaffer,jaffer.zameer@gmail.com,767960964
Tevin Smith,tevin_smith@ymail.com,845824725
Bradley Kromhout,bradkromhout@gmail.com,768524641
Terry Holland,hollandt@veritas.org.za,728561173
jarryd venter,boyterror07@gmail.com,763984482
palesa,confidencemarokane@gmail.com,738421253
Jenny mayo,Jenny@impo.co.za,829272218
Nahfisa Maarman,Nahfisamaarman1@gmail.com,737591263
larisa munnik,larisamunnik@gmail.com,730511622
Mphumzi,Mphumzi@tsamail.co.za,414072626
Jamie. Coe,jcoe170@gmail.com,837221744
Sankaran Reddy,sankaran.reddy97@gmail.com,789830246
Ryan Jordan Hunt,ryanjordanhunt@gmail.com,844065329
tumelo mokilane,tumelomokilane@gmail.com,795475038
Amanda Clinton,Amandaclinton97@outlook.com,713623274
Thula Mhlongo,thulasbk@gmail.com,717540494
teboho clark makuoana,tebumakuoana@gmail.com,783942952
leslie thomas,lwthomas@distell.co.za,822972774
cedric samuels,samuelsali96@gmail.com,824204718
anza,anzasiavhe@gmail.com,765563016
Claudia Ferreira,ferreira.cb@hotmail.com,119071420
bevan cooper,bevanx6@gmail.com,730971417
sharon berrington-smith,sbs@capitalkitchens.co.za,827630651
hamza,hafridi57@gmail.com,615783013
Quewin Kara,qkara.qk@gmail.com,826328811
Clayton Ditshwane,claytonditshwane@gmail.com,823621631
Khanani Shikuhele,shikuhelebk@gmail.com,838630138
Moagi Ramile,hlonimoagi@gmail.com,748402925
CJ,krugercj4@gmail.com,799502837
ferial,femohamed@pgwc.gov.za,826705755
Dunisani shivambu,Dunisani.s@gmail.com,782909743
yvonne tefu,tloutefu@gmail.com,760248875
nonhle mkhize,thothile23@hotmail.com,782279898
mzwandile zulu,mzwa@yahoo.com,727837183
Lee-michael,zaylonlee@gmail.com,714102465
Maneo,mongathepa@gmail.com,763925714
tahiyya mia,tahiyya.mia@gmail.com,745849234
Michael,Bhila.mm@gmail.com,795124523
nobuhle blose,nobuhleblose@gmail.co.za,799112209
khensane,khensimail@yahoo.com,793146968
innocent mayekiso,mayekisoinnocent@gmail.com,604597417
jabulani welcome maphumulo,maphumulojabulani0@gmail.com,796823480
mbalenhle sikosana,beautifulmbazo@gmail.com,789512730
sarah weirich,sarahgweirich@gmail.com,746232901
Olwethu Mpahlwa,O.mpahlwa@yahoo.com
Nakisani,madzhie.nakie@gmail.com,723780755
Melissa Pienaar,mpienaar96@gmail.com,798953734
Nolan,nklouw@yahoo.com,717053812
mfundo Msimango,mfundo.tudoz@gmail.com,712659575
junaid,junaidmoola@yahoo.com,727254100
sibusisiwe,zsnzimande97@gmail.com,827151235
likho,mphumzi100@gmail.com,414072523
lelo,mpumilelo61@mail.com,833514650
Yuveer Ragunath,kvytrucking@hotmail.co.za,842243808
Siphilie,siphilie@gmail.com
Lester subramoney,lestersubramoney@icloud.com,824490483
kwanda nkabinde,kwandankabinde@gmail.com,762164046
Ruan Snijder,ruansnijder94@gmail.com,756571288
mlungisi magagula,soulteen82@gmail.com,797737966
phumza ndabeni,www.wildresource@gmail.co.za,730816842
Huzaifah Hassan,hehassan@mobileemail.vodafones,767299573
tshililo,tshililotshifhiwa@gmail.com,743526372
Letta Setshedi,kokisetshedi@gmail.com,834793506
Chantone van Niekerk,chanvan96@gmail.com,794807712
Lynn Marais,Lynn.marais@stmary.co.za,832755075
phil,brierssmit@gmail.com,715656677
natasha marole,operations11@mashold.com,746805981
Revolution,imaedi@gmail.com,119887273
Sekhasimbe Martina,Sekhasimbemartina@gmail.com,743061670
Shaheed,Shaheed@demc.co.za,767480769
Lebohang,www.brazo5683@gmail.com,710773591
tasleemah,tasleemah7@gmail.com,717864283
Raphesu Peter,raphesup@gmail.com,834479745
siseko,201209183@ufh.ac.za,721228631
charlton,charlie.losper3991@gmail.com,847407839
sethu Norawana,sethu9048@gmail.com,799744179
haward sabelo,23735759@nwu.ac.za,732348378
Nhlanhla zisongo,NhlanhlaZisongo1@gmail.com,744601994
lesego mashile,lesegomashile70@gmail.com,719322447
darren saunders,dadarrensaunders11@gmail.com,812361025
Halala Xaba,halaallayla.xaba@facebook.com,749609127
Fiona Mohamed,fiona786@mweb.co.za,824616946
wang,mogashanewang97@gmail.com,818754089
Nzuzo khumalo,Nzuzop@gmail.com,797794418
H Ebrahim,211ebrahim@gmail.com,834064600
Erika Malan,malanje@iafrica.com,828314025
wendy ehlers,ehlers.wendy@yahoo.com
sakhile shenge,shenge95@gmail.com,768837384
Odette Simpson,admin@hsdieburger.org.za,116735000
lee wagner,trlwa@truworths.co.za,725397480
ilan bailey,ilanb312@gmail.com,826005214
mushando,mushandoda@gmail.com,766115509
Cathlene Davids,cdavids@dainferncollege.co.za,846007028
nkululeko,nkululekonkosi9@gmail.com,732215603
Leon,leons@cadco.co.za
C Wesner,nissi@vodamail.co.za,393122810
Nkosinathi Khambule,khambulenl@gmail.com,724624363
vusi,msimango54@gmail.com,737442170
nosipho,nosipho02@gmail.com,735072253
sindiswa malinga,sindiswamalinga1995@gmail.com,718369890
lehlohonolo makhale,makhaleleighhloninolo@gmail.co,795073636
Shimane,Shimanejim@gmail.com,604557699
Eza Gadudu,gadudueza@gmail.com,787980820
Sanele Shinga,Saneleshinga@rocketmail.com,847832773
letz,l.n.machebe@gmail.com,738539196
Shivara Sahadave,shivzsahadave13@gmail.com,791224381
maemu mulaudzi,maemuvele@gmail.com,606775651
Lizette Conway,lizettecoway30@gmail.com,743037665
Michelle du plessis,Michelle@somerstrand.co.za,825520719
Aminah Stephanus,aminah.stephanus@gmail.com,833804138
jaco van zyl,jcjm@telkomsa.net,833244386
shuaib ajam,shuaibajam@gmail.com,768113294
alwyn,alwyn.morkel@gmail.com,828000291
courtney snyders,csnyders25@gmail.com,749079231
C PETERSEN,freeflowflavor@yahoo.com,728422432
samantha johnson,samjohnson3310@gmail.com,735406414
nicole,nicoledavies@wfs.co.zs,787178218
llewellyn,llewellynesau06@gmail.com,745303120
czxvgfcdv,sfdsdf@yahoo.com,723698754
Shameera Mustapha,smustapha@vodamail.co.za,723817340
Melody Coetzee,melody@pretoriatravel.co.za,824142999
maluleki sithole,majobeh@yahoo.com,742715169
Ntobeko Faith mathenjwa,faithmathenjwa@gmail.com,739550126
brian,thrust@intekom.co.za,210000000
Nadia Govender,nadiagovender@ymail.com,312626604
bandile mabaso,bandilemabaso9@gmail.com,787129294
Prince Muavha,prince.muavha@vodamail.co.za,607659510
Nokukhanya,Nnthala@gmail.com,832128466
Jonathan Martin,jennoylee@yahoo.com
celiwe malevu,nomthyokavezzymalevu@gmail.com,603009864
Pontso,p.moloisane@gmail.com,729223437
prudance,prudanceberry04@gmail.com,784983433
Rechelle Chetty,rechelle@discoverymail.co.za,839866125
Lunga Nkosinathi Ncube,lungankosinathi.ln@gmail.com,737940981
yusuf sultan,yusuf.sultan18@gmail.com,728629636
Raeesa Basadien,Raeesabasadien@mtn.blackberry.,782488876
farha,farah.mahomed0@gmail.com,829468845
Chantal Padayachi,chantal@gftrade.co.za,839469901
Bomkazi,Magea1@mtn.blackberry.com,736356555
Rudrich Claassen,rudrich.claassen@gmail.com,848556686
Cebile Mbatha,cebilembatha112@gmail.com,827690174
Cathy Seakamela,cmseakamela@gmail.com,743498798
Charmaine Manilall,charmaine@farrell.co.za,748493333
Elne,eeqbesterjnr@gmail.com,760600872
Alex Johnson,Alex7112009@hotmail.com,722077597
kavitha,kavitha@fei.co.za,824914494
Sanele khumalo,Sanelesanex5@gmail.com,767661003
viwe mfuphi,mfupiviwe@gmail.com,781280660
Keevan Theunissen,keevant21@gmail.com,603802198
Peace,peacemmg@yahoo.com,837186188
Anathi mkala,nm256363@gmail.com,717273200
tsakisani Gabaza,machebetsakisani@gmail.com,738557099
Thato,thatomakhetha94@gmail.com,733148894
CRAIG,SJANUARY@FNB.CO.ZA,847251801
Emile Crous,emile.crous88@gmail.com,843563775
aasif,hurzuk.aasif@gmail.com,790788801
Kyle Marshall,kjamproductions@yahoo.co.za,762345271
nontokozo nokthula,fsmchunu@gmail.com,746143243
Wiehan Claassens,wiehanclaassens@gmail.com,713860833
Lindi,lindintontela99@yahoo.com,835124455
louis ngomane,louis.gnace@ymail.com,729657780
Jurg Kung,jurglikung@gmail.com,833267994
Otsile Ashley Sebolai,Otsilebasisebolai32@gmail.com,795723556
Job (jnr) Jerald Mpele,jjmpele@yahoo.com,766895933
yamkela,madikizelayamkela@gmail.com,781277732
Kaylee Rumney,kjrumney@gmail.com,727881302
natasa voegt,natashavoegt@gmail.com,782731116
kholelwa,bongaministries@gmail.com,792433445
Bonny Lagane,bonny@vegmoflora.co.za,724789990
mondli,201461399@student.uj.ac.za,712419342
Karlize Korf,karlizek@gmail.com,744765924
Saudah Sultan,sodapop7860@gmail.com,765200555
Kobus Engelbrecht,Rocketvuvuzela@gmail.com,739541863
Chandini Singh,cspumpkin3@gmail.com,848228389
Nastassja Naidoo,nastassja.naidoo@gmail.com,726585136
Nathrie Fakier,ferialfakier@yahoo.com,216965215
Jane Kraay,kraayjane@gmail.com,829345729
Deelan Brent Jackpersad,deelanbrentjackpersad@cellc.bl,846909582
banele,banele.manzini@gmail.com,893527685
bongani,bongani.mhlophe@absa.co.za,785051255
Thembie,sithembinkosingwenya@gmail.com,785906854
Justine Fortuin,Fortiuce@eskom.co.za,747815178
Celeste Biemond,celestebiemond@telkomsa.net,785599277
Mabhele,mabhele.za@gmail.com,630677540
kurhula,kurhulabila@gmail.com,769633913
Hanifah Bibi Kader,Hbkader3@gmail.com,762680414
Ayanda,ayandandzilili@gmail.com,727706577
thembi,tslm2002@gmail.com,784583812
samara Lutch,lutch.s@live.co.za,829392372
palesa khanye,khanyeportia@gmail.com,767545353
ashils,ashleighchamberlain@gmail.com,787520008
anrich marnewick,anrichmarnewick@gmail.com,825766033
aluwani,aluradzi@Gmail.com,769586841
Simona Nanova,simona@live.co.za,824018915
Romano Naidoo,romano.naidoo@gmail.com,791666300
Saadia Mall,saadiamall10@gmail.com,740696786
Chuma,kelichuma01@gmail.com,826714691
Carla Pieterse,icarlpiet@gmail.com,711779759
Refiloe,refiloemokotong@gmail.com,710236675
Nazeer Collins,nazeer2@mtn.blackberry.com,843826141
Hlumelo Mhobo,H.mhobo@gmail.com,825280179
THULANI,laurance591@gmail.com,833325564
Baitsheki Moteane,johnm@dlsys.co.za,842106174
Callin Klopper,djmogey@gmail.com,762210274
Masego Finger,0101431@gc.co.za,726536553
chenaimwoyo mparutsa,chenaimwoyomparutsa@gmail.com,842681708
Shezaad cassim,Shezoocassim@me.com,839422223
danielle franker,daniellefranker@gmail.com,606245861
maxwell,msabalmk@gmail.com,725982418
Alexandra Graham,zandraleighrosa@gmail.com,832342508
atalia,ataliawitbooi@gmail.com,798370129
keagan francis,keaganfrancis537@gmail.com,725113652
Justin Golding,golding.justin50@gmail.com,767418330
Chayse Norris,nchayse@gmail.com,848762420
Manqoba,manqobamkhize94@yahoo.com,781189387
Lesego,mejatjizoe@gmail.com,780792952
Jane Bam,sibongilemosa@gmail.com
mpho,m3.moutloatse@gmail.com,725642619
BOITUMELO,happinesskga@gmail.com,715418000
kim monageng,kimmonageng@gmail.com,839408475
Lia,liam.naidoo@yahoo.com,832261267
Khanyisile Mkhize,mkhizekhanyisile57@gmail.com,822585155
Mahlako Mlabela,sophonia.malabela@webmail.co.z,783453260
Katlego Monkoe,katlegomonkoe@gmail.com,720310493
Linda Masinga,linda.masinga@gmail.com,726102313
muneeb ismail,www.muneebismail14@gmail.com,725302582
vfester,vfester@telkomsa.net,219515270
masoodah,masoodahy@gmail.com,732067857
Boniswa,viwewaka@webmail.co.za
Romi Comyn,romi.comyn@gmail.com,797913203
kenneth koloi,kennethkoloi@gmail.com,838232399
lebo,ole.leka@webmail.co.za,793174560
Mphela,ngoepemc@gmail.com,784856236
Masego meerken,Masegoj12@g.mail,843163197
Hannelie Engelbrecht,acme@acmebrokers.co.za,837414793
Simba Bradlee,simbabradlee@gmail.com,745698456
Palesa,ParlieMajake@gmail.com,787075715
kyla lotz,jlotz@ppsinvestments.co.za,823310848
Corleen de Goede,corleen18@mobileemail.vodafone,765605710
Cassidy Nicholson,cassidy.nicholson@gmail.com,836360060
Misa Makwakwa Masokameng,MisaDoll.M3@gmail.com,614045687
abigail,campherabigail21@gmail.com,736025800
Sohana Singh,singhs5@ukzn.ac.za,842475783
Joy Staples,poonstaples@telkomsa.net,722785806
Haaziq Bham,Haaziqbham009@Gmail.com,826761765
Marco John,marco.costajohn@gmail.com,828373538
Edson Limeme,ed.limeme@gmail.com,784407157
suriya,skharilal@gmail.com,118522211
Shriyana,shriyana.pahlad@gmail.com,719007433
Daniel Theunissen,d.theunissen7@gmail.com,782030565
Kalesta Ramadu,kalesta.ramadu@gmail.com,746379188
Anthony Mietas,amietas4d@gmail.com,235712436
owethu spelmandla,owethuspelmandla@gmail.com,810574965
Junaid Abderof,info@africanconsumer.co.za,216714293
Paul,tylerngwenya@gmail.com,839682107
mawela maxwell,mawelamaxwell@gmail.com,606534852
Sherece Majlis,sherecemajlis17@gmail.com,794472346
nokuphiwa masondo,masondo.nokuphiwa@gmail.com,769315327
iona beukes,iona.beukes@gmail.com,713508121
mosima pheeha,mpheeha@yahoo.com,760734888
Annalie Grove,annaliegrove@gmail.com,828796654
kanthan ponnusamy,kanthan@mweb.co.za,837862810
sibusiso,mririzitha@gmail.com,764704155
mukonazwothe liphadzi,mukonaliphadzi96@gmail.com,721450577
Charles Adams,edianadams@gmail.com,718747513
miscke,misckeh@gmail.com,835774481
Mothusi Baicomedi,baicomedim@gmail.com,791581047
Shineen Brown,shineen@webmail.co.za,761583657
Amukelani Manganye,amukelanie@gmail.com,720349998
Zipho Xuma,ziphoxuma@icloud.com,794971106
Trusha Pema,trs.pema@gmail.com,797797559
Nicolas David,nicolas.david267@gmail.com,723143452
Rashieda,rashieda@sujean.co.za,724494777
Kashiefa Smith,kash6@mobileemail.vodafonesa.c,713099782
sihaam daniels,sihaam.daniels@johnbrownmedia.,834480942
taetse vorster,taetsevorster02@gmail.com,760922577
Nzuzo,nzuzobsimelane@gmail.com,764478257
paul pedlar,pwpedlar@gmail.com,723098168
Pikkie,pikkiekok@mweb.co.za,822265981
Tarryn Olivier,olivierclaire04@gmail.com,726771190
kamogelo monamodi,kamokm802@gmail.com,782437856
neesha bhoola,general13@lendcorgroup.co.za,842697861
Bob,Bobdlamini@gmail.com,912917283
samantha thantsi,samantha158@mtn.blackberry.com,603781146
Theresa,info@inspec.co.za,845067399
P,zimoco.benz@gmail.com
DAVID MTHEMBU,MODHEVA2201@GMAIL.COM,822575800
bongekile degretia,bongekilemagagula5@gmail.com,792277473
tyla Chain,tyzchain@gmail.com,848105455
Rendani Netshiongolwe,rendanin@gmail.com,745594788
Dimpho,deeleemaskewameng@gmail.com,762723166
mei-lene ephraim,meileephriam@gmail.com,826206957
Karin Hancock,karinhancock9@gmail.com,711149658
sihle,bless.sbm@gmail.com,836589565
comfort molefe,comfortsanele16@gmail.com,787740592
halima,osmanfarheen@gmail.com,825786270
Hipajit,arafat.farouk@yahoo.com,730751464
Lillian,Lillian.Kalenzi@gmail.com,833675502
chandre,yollies22@webmail.co.za,723536407
Hawa Rajah,hawarajah06@gmail.com
Zaheerah,zayzayhoosen@gmail.com,769476165
Imaan Dolley,moondoll101@gmail.com,216746075
Ruhan Claasseen,ruhanclaassen@gmail.com,834514150
Rose,rmbanga8@gmail.com,738535481
mariska,mariskashanice@gmail.com,836610417
Alexandra Ramaite,arramaitear@gmail.com,847002660
Martin Le Pere,martin.lepere@gmail.com,114502040
jeniffer,jeniffersibiya@gmail.com,722644884