
peter,peter.ogle@gmail.com,836574553
Chloe Gilchrist,cutiechloe@mweb.co.za,844022849
sisipho Bokuva,sisiphobokuva@gmail.com,740305224
thaakirah,tkaldine45@gmail.com,828805412
dsad,dasd@dasd.com,312234324
Alan-J,campbell.alan332@gmail.com,713439065
Refael Saffer,refealsaffer@gmail.com,826252383
Hannah Abrahams-Crocker,hannahcrocker79@gmail.com,216858606
WELCOME,ZULU.WELCOME32@GMAIL.COM,763028437
Reoni Moodley,moodleyreo5@gmail.com,844633363
emma hirschfeld,emma.hirschfeld@gmail.com,792790734
Luthokazi,luthokaziv@gmail.com,832340272
francinah,fnkoloba@gmail.com,789274346
Joshua Stephenson,jstephenson@hotmail.co.za,810259250
Farzanah,Farzanahlaher@hotmail.com,828371568
Elizma Smith,elizma_smith@yahoo.com,726469653
Nqobizitha,phungwayo.nqobizitha@gmail.com,848818929
jolene chantel pelston,jolenepelston@gmail.com,768927902
Kristen Jade Wheeler,kristnwhlr@gmail.com,725822007
Michelle,robsessed.swanepoel68@gmail.co,719263414
nkhumeleni,muifhan@gmail.com,724987921
Kyle Holtzhausen,kyleh1@lantic.net,846060422
kudus jimo,jimoh_kudus@yahoo.com,844972052
Patricia Visser,patriciavisser20@gmail.com,847130335
Liam Walsh,liamster@hotmail.co.za,824558809
Lindley Walker,wcaitlin965@gmail.com,768703781
Makayla,makayla.lottering@gmail.com,738661425
Leah,leah@gmail.com,736213262
nthodi mokoena,nthodim@gmail.com,722281306
Mxolisi Hlatshwayo,mxolisihlatshwayo32@gmail.com,617625225
relebohile,relemajoro@gmail.com,794816493
mahlape ketso,mahlape.ketso44@gmail.com,781557388
zanele sokhela,sokhelanele@outlook.com,810863653
Jadielnaidoo,Jadielnaidoo@yahoo.com,314096427
Farzana Wahab,fwahab@sars.gov.za,825558146
nikesh bechan,nikesh2@cellc.blackberry.com,846020259
Busisiwe Nyathi,carol.nyathi@treasury.gov.za,826255079
Ridhwaan Abdul Aziz,Ridhwaan@me.com,837937752
mohau isaac,lesekelemohau@gmail.com,611622001
Lara,laramariadea@gmail.com,827968403
nicolas kemraj,nicolas.kemraj@gmail.com,118556161
menzi simelane,menziesimelane@yahoo.com,606861814
Rooksaar,rooksaar.b@gmail.com,609720171
CHRYSTAL BOTES,chrystalcb@gmail.com,726727076
Motheo,Motheemodel@gmail.com,766461212
tshepo,nino.legacy@gmail.com,728700943
Liza Esterhuizen,lizahuizen@gmail.com,829929214
Jordyn,jordynw10@gmail.com,784079420
Caitlin labuschagne,caitlin.labuschagne@gmail.com,792875499
sunique,petrohugo@live.com,745682715
Lauren Askew,laurenkateaskew@gmail.com,723660275
mosa constance,didintle.minnie@gmail.com,818824025
Abi,12abimagula@gmail.com,814313808
tokollo,tokolohomofokeng@gmail.com,608660714
Chantel Van Rooyen,chantelvanrooyen03@gmail.com,781934599
noluthando nkonyane,noliegh.nkonyane@gmail.com,781583633
khuthadzo mathavhana,khuthadzomathavhana@gmail.com
Eldean,eldean25damons@gmail.com,729510243
Mthokozisi B Mbatha,mbathab@gmail.com,724588295
Esté Viljoen,sthugo87@gmail.com,727132380
Gresh Jnr,tembogresham@yahoo.com
Sherwin Joseph,jsherwin32@gmail.com,616916191
Lieketseng Ndaba,Lieveronda@gmail.com,726240489
phumla,phumla@live.com,737336838
Helene,helenejonck@me.com,828904954
Kristen Walker,kwmoose29@gmail.com,748897720
Daanish Hoosain,daanishhoosain@gmail.com,845510667
masiha noorgat,noorgatmasiha@gmail.com,728982365
robin meyer,Robinmeyer001@gmail.com,810581498
Brett Mical Reneke,Brett.reneke@gmail.com,810257237
Faith Kwaza,sinazofaithkwaza@gmail.com,835395567
Noleen,noleen.govender@gmail.com,117155600
Cameron-Scott Hughes,Cameronscotthughes@gmail.com,762258944
Muhammad Fuaad Hassen-Bootha,mhassen-bootha@gmail.com,742638200
Angela Trotter,Angela.trotter98@Gmail.com,710233700
Tamlyn Rossouw,tamlynrossouw@gmail.com,725004645
Ngonidzashe,ngonidzashesande@gmail.com,614491660
Thembi Tembela,t.tembembela@webmail.co.za,782203138
ziyaad bhyat,z.bhyat7@gmail.com,718718875
Rene Windvogel,windvogelrene@yahoo.com,738157469
janet,jeny087@icloud.com,817526529
Shelby,shelbymcalpine@gmail.com,769818776
Kate Ehrlich,k8.ehrlich@gmail.com,732646113
gareeb patel,gareeb786@gmail.com,849863081
Eileen Thornhill,eileen.thornhill@rmb.co.za,112824355
monja,monjan@lantic.net,833205423
Katlego Molokoane,molokoane30@gmail.com,832791238
Anlia Archer,anliacloete@gmail.com,765226037
Nkosinathii,www.nkosi@mail.com,834227160
dylan antonie,www.dantonie@mtn.blackberry.co,837934523
sinazo langa,amahlelanga3@gmail.com,737025073
boledi,thobe.bld@outlook.com,795667026
Tisha,imepicandiknowit18@gmail.com,829225035
Phila Dyasi,dyasip@gmail.com,713990004
Gabriel,molale.gabriel773@gmail.com,725278945
Karla van Niekerk,karlavanniekerk@gmail.com,721943309
sherall,sherall@cellc.blackberry.com,742589445
ZACH GROBLER,agplus@telkomsa.net,823718392
Lwando,Lwandomtala@gmail.com,840907134
naledi lebenya,nalady.lebenya@gmail.com,785615861
lutendo pops,poppylutendo69@gmail.com,732148039
nerisha singh,nerisha-singh7@mtn.blackberry.,788013601
kusa mazibuko,komazibuko@hotmail.co.za,768205485
nkateko,nkatekowakachauke@gmail.com,840107125
yolisa,yolisancombo@gmail.com,711277424
Gauss Jordan,tmataranyika@gmail.com,776192135
Catherine Barry,cathi.barry@gmail.com,728282384
Jayshal rama,Jayshalrama@ymail.com,827058207
Danielle Van Wyk,dvanwyk2012@mysbf.co.za,843785373
Zodwa Ngalonkulu,zngalonkulu2012@mysbf.co.za,796315266
nandipha,sibayeko@gmail.com,840213774
Waleed Isaacs,wisaacs2011@mysbf.co.za,842543045
Thully Kleinbooi,thullyklein@ovi.com,735489993
Nick,toklins@live.com,730506172
Lesego Tsotetsi,lessytso@gmail.com,836684240
ssd,asldse@gmail.com,798954762
simo,simosihle@gmail.com,827682107
nicholas tshepo,nicholastshepo5@gmail.com,769834984
mandisa phakamile mbanjwa,ndizabell@gmail.com,748205532
ofentse venetia molotsi,ofentsevenetia03@gmail.com,612199801
Mgcini Ncube,ncubemgcini@gmail.com
Ali Masina,alimasina@gmail.com,766746883
Mzimhle,mzimhle.mosiwe@gmail.com
thabolegoabe,thabolegoabe@yahoo.com,833625452
mzimhle,sakile123@yahoo.com
judie moraa chache,jdchache@gmail.com,713057725
jadon benjamin,jadonbenjamin@yahoo.com,837162438
thando mntambo,tmntambo94@gmail.com,832550929
madumbandile mhloli,bandilemhloli@gmil.com,735735041
gwamille mdluli,Gmdluli92@gmail.com,717702680
tumelo moatshe,tumelo.moatshe@gmail.com,835532604
julia losper,3034996@uwc.ac.za,836692238
moosa mazibuko,moosamazibuko@gmail.com,737098673
siyasanga mbalo,3275370@uwc.ac.za,781192379
clifford manyo ntui,manyontui@yahoo.com,795413997
stanley simelane,stanleysbongseni@gmail.com,835517064
tatenda wekwete,wekwetetatenda@gmail.com,730219517
xolile,3236345@uwc.ac.za,781650885
lefa,LefaChabeli1@gmail.com,760178932
galaletsang hutang,hutangg@gmail.com,731167265
kelvin tatenda murenga,klvnmrenga@gmail.com,820927672
elisha chirchir,elishachirchir@yahoo.com,780501478
wafieka bruckner,wbruckner58@gmail.com,847377182
nevhuhulwi mulalo,mnevhuhulwi@gmail.com,788253545
axolile,kadumoaka5@gmail.com,787879356
apiwe,201209071@ufh.ac.za,738872449
jandre,janneman.cput@gmail.com,827508990
robert,neie.wise@gmail.com,799594574
siyabonga tobi,tobisj@gmail.com,837281204
merryl pillay,lennypillay29@gmail.com
thabo hlongwane,thabothabo46@gmail.com,744022503
akhona,AKHONAGRACE2@GMAIL.COM,613206066
alwyn schutte,newvisionsof@gmail.com,829027880
tanya moodley,tanya160290@yahoo.com,765473089
lesego malebane,lesegomalebane@gmail.com,769005496
inga,inga_c_dyan@yahoo.com
wilson,wilsonmaravilha@gmail.com
diego,diego.visser@buongiorno.com
yongama,yongama.dekeda@gmail.com
philani,philani.ngwenya97@gmail.com
nandipha,olga_botha@yahoo.com
ntokozo,ntokozosw@yahoo.com
lindile,lindilemapukata@webmail.co.za
shuaib,shuaibdustay@gmail.com
asanda,masangwanaasanda@yahoo.com
alec,alecnkhata@gmail.com
babalwa faith dlangamandla,babalwa008@gmail.com
mohamed hassan,hurwaa9@gmail.com
deborah bidounga,3273831@UWC.ZA
simphiwe,smbopa@ymail.com
nijmah fredericks,nij.fredericks@gmail.com
denrico,denricodevoncloete@gmail.com
zama,zamangele@yahoo.com
abdulghaaliq,aadams050@yahoo.com
anzio hantam,ahantam@gmail.com
siyanda,sgola@za.go2uti.com
craig,craigcedras@gmail.com
kuhle,kuhlez.dlela@gmail.com
erwin,jinx.com61@gmail.com
ashraf booley,booley.ash@gmail.com
brandon,menzi.k@live.com
brandon,menzi_K@ymail.com
nwabisa,ngsbuso@gmail.com
thato khumalo,thato.khumalo@yahoo.com
Wesley,gogetahan@gmail.com
moelo jaka,moelo.jaka@gmail.com
anda maseko,andamaseko@yahoo.com
Mzimhle,mzimhle.mosiwe@gmail.com
ireen,denyaireen@gmail.com
andiswa,andiswav6@gmail.com
Mzimhle,mzimhle7@yahoo.com
verona,veronamahlami@hotmail.com
madumbandile,bandilemhloli@gmail.com
bradley,bbarnardo@gmail.com
Tsepo,dlaminimafeka@yahoo.com
nyiko castro,nyikocastro@gmail.com
vuyokazi,vuyongalo@gmail.com
william,william.mkhatshwa@gmail.com
ndikho phillip,npmgijima62@gmail.com
charlene prins,charleneprins2@gmail.com
nicholas chambers,ndesigns.graphic@gmail.com
nqobile tsireledzani ragwala,sunnqofly@gmail.com
bridgette,bonie_bridgette@yahoo.com
jean,easynow2@vodamail.co.za
madre,madreo@telkomsa.net
odette,odette.mothiall@gmail.com
maria,mariadunga50@gmail.com
ntomboxolo,ntomboxolodiko@gmail.com
nontyatyambo primrose marenene,npmarenene@yahoo.com
markus janse van rensburg,vanrensbug@yahoo.com
gilbert molefe,gilbertx6@gmail.com
betty,aspireautomation7214@gmail.com
sydwell,masekosydwell@gmail.com
lolo,lekgoanelolo@yahoo.com
tumelo john mogotlana,tumelojohn@ymail.com
sascha talbot,talbot.sascha6@gmail.com
jack,jack.mollo@yahoo.com
pat,pat.sibeko@transnet.net
linda,lindalesu@vodamail.co.za
willie herbst,willie.herbst@nmidsm.co.za
veronica white,0823084866@vodamail.co.za
irish,irishserite@yahoo.com
samantha,samyfaulds@gmail.com
luvo,luvot@webmail.co.za
thethiwe,thethiwe.xhego@erm.com
buhlebemvelo goodhope mdletshe,mvelo.mdletshe@yahoo.com
belinda kekolo seanego,Bilendaseanego@yahoo.com
sandhya behari,beharisandhya@yahoo.com
boitumelo tooane,ptooane@ymail.com
sifiso gift,201011204@student.uj.ac.za
amorita,amorita@vodamail.co.za
deklyn russel blandford,anthony.blandford@centralrandg
victor,vitinho.viro@gmail.com
zabilon,3136789@uwc.ac.za
sifiso,201219745@student.uj.ac.za
ricky vennard,rickyv65@gmail.com
khuliso nemaguvhuni,cully@webmail.co.za
rahab,mskgotse@webmail.co.za
asiphe dandala,asiphedandala@gmail.com
mohamed djemilou,mdtjames@gmail.com
jared cyster,jared.m.cyster@gmail.com
yonela obose,oboseyonela@gmail.com
zaakiyah,zaakiyah.emjedi@gmail.com
mudau asiashu,asiashu.lusani@gmail.com
casandra fortuin,louise.smith@vodacom.co.za
david malebye,d.malebye@yahoo.com
siphokazi,3166741@uwc.ac.za
sizwe,gajisa5@webmail.co.za
montinique,montinique.jones@gmail.com
avela stofile,stofileavela@yahoo.com
nosipho namhla landzela,lnamhla@ymail.com
rita,rita@toroyaafrica.com
eric van lavieren,eric.vanlavieren@mobileemail.v
Eric,eric.vanlavieren@webmail.co.za
meagonn,meheyns@gmail.com
alphan mongi,alphan.mongi@gmail.com
alphan,cescalpha@yahoo.com
aletta elizabeth van vuuren,lettievv@gmail.com
nosisi,siscorate@gmail.com
frank sylvio gahapa talom,gahapafrank@gmail.com
sinazo,sinazo.nqenqa@gmail.com
ayanda mngunyana,mngunyanaayanda@yahoo.com
amy mauritz,3121752@uwc.ac.za
nozuko rasi,9835944@uwc.ac.za
thobela,3170100@uwc.ac.za
thando sandile msibi,sandzified@gmail.com
colleen,colleenwareley@gmail.com
noxolo,noxo0606@gmail.com
juliet windvogel,jwindvogel817@gmail.com
thembisile,thembisile.maleke@bzayport.co.
thembisile,thembisile.maleke@bayport.co.z
bongumusa,bfmbambo@yahoo.com
sbongile rejoyce nzima,nzimasbongile@gmail.com
ashley khumbudzo,daswaa@gmail.com
andiswa carol madikazi,andiswamadikazi@gmail
karen,toscajoseph@telkomsa.net
pravin gewanlal,pgewanlal@gmail.com
tshepiso,3148281@uwc.ac.za
mayedwa,beckham23@webmail.co.za
ziningi mngoma,ziningimngoma@gmail.com
andrea julius,andreagillianj@gmil.com
xolani,3169237@uwc.ac.za
gavin smidt,gavin.smidt86@gmail.com
xolile,xolilemphoziswa@gmail.com
Arlette,m_arlette2002@yahoo.fr
nwabisa,nnmlambo@gmail.com
yandisa,yandi601@gmail.com
zuzani lubabalo,3058890@uwc.ac.za
sandla mkalipi,sandla.mkalipi@gmailcom
sandla mkalipi,sandla.mkalipi@gmail.com
tommy motsheagre,tommy.motshegare@bafokeng.com
sibusisiwe,sibusisiwe.zwane@gmail.com
sinazo,3065441@uwc.ac.za
nosibusiso,nosibusisogcora@yahoo.com
paul louw,louwpaul2@gmail.com
nobuhle,3269182@uwc.ac.za
mathome thapelo mosehla,mtmosehla@gmail.com
henry h. pinkham,copywriter@juno.com
yena,yenaguguluzi@gmail.com
zama ngubo,amazobugn@yahoo.com
yolanda,3025119@uwc.ac.za
mpumelelo ndlovu,hlosukwakha@gmail.com
winnie lipner,lipnerwinnie@gmal.com
mary,chichit23@gmail.com
winnie lipner,lipnerwinnie@gmail.com
jeanet manyokole,jeanetmanyokole@gmail.com
lwando,lwandomvumvu@yahoo.co.za
brent chapman,chapmanj@durban.gov.za
phumza,p.nkukwan@gmail.com
zintle,3235703@uwc.ac.za
mawande,mwndvellem@gmail.com
mawande,mawandevellem@rocketmail.com
keneilwe,keneilwe.bogatsu@gmail.com
unathi may,unathima@frasralexander.co.za
prudence,prudence.zuma@gmail.com
anda qhayiya,3056135@uwc.ac.za
thandeka zulu,zulu.thandeka@gmail.com
nondumiso ntuli,3063910@uwc.ac.za
amanda oosthuizen,amanda@mmi.co.za
elrose thonipho mudau,elrosethonipho@hotmail.com
dandries,sepitla4real@gmail.com
abongile mgoboza,abongilechris@gmail.com
elsabe,elsabe.jones@worleyparsons.com
sifiso gift,201011204@student.ac.za
thandokazi,3178293@uwc.ac.za
thandokazi,tandobans@gmail.com
ayhsa,aysha1@mtn.blackberry.com
mogammad allie,alliekamedien@gmail.com
neliswa may,neliswa.may@capetown.gov.za
zolile lambert,taahirl@yahoo.com
noutie n sandrine n,noutisandrine@yahoo.fr
monrique lockett,monrique.lockett@gmail.com
simbarashe maradzika,simbarshe.maradzika5@gmail.com
siyabonga maki,2737100@uwc.ac.za
erica,estiggs@gmail.com
sindisiwe,qathah@webmail.co.za
sindisiwe,cici@webmail.co.za
dion groenewald,bluebull5@webonlinemail.co.za
promise sibuyi,Promise.sibuyi@sanparks.org
lona,lmbobosi@yahoo.com
nondiphiwe,sheznondi@gmail.com
justine,info@merlinsa.com
ayodeji adebiyi,deji4tune@yahoo.com
lwando mdlulwa,lmdlulwa@gmail.com
sipenathi,geshman03@gmail.com
hassan,hassan_kawesa@yahoo.com
zeldah,zelsentsho@gmail.com
sulaiman,laimo2da@gmail.com
paticia lombe,lombe.chipampe@gmail.com
ilse,iela120783@gmail.com
allan,bornfree.d@gmail.com
shareefa,shareefa.baderoen4@gmail.com
tumelo mokae,tumelomokae@yahoo.com
zarah jaffer,zarahjaf@yahoo.com
sizwe,sizwemt@gmail.com
itumeleng,stumyzam@gmail.com
priven,privenmalwane@gmail.com
raheem,raheemduplessis@gmail.com
Violette,violettesadi@yahoo.com
tshepo,asogrand25@gmail.com
morne,mornelincoln@ymail.com
zinhle mgwaba,zinc.mgwaba@yahoo.com
maria,mokgadimkd@gmail.com
william donkin,donkin.w@gmail.com
sue-kelly brown,suekellyb714@gmail.com
yoesraa anthony,Yoesraa@hotmail.co.za
charlotte wagner,charlo@telkomsa.net
lauren,lauren.rhodes20@gmail.com
lucette,lucet@webmail.co.za
lucette,makgatholucette@yahoo.com
lucia,makgatho@webmail.co.za
machupe john,mphahlelemachupejohn@yahoo.com
derah,debbiemapolisa@gmail.com
celeste,nexustimba@vodamail.co.za
precious,dubeprecious07@yahoo.com
aghori bherav,aghori32@yahoo.com
boipelo,btlhabanelo18@gmail.com
professornabbai,professornabbai@gmail.com
dr moses medical abortion in p,drmoses83@yahoo.com
monaheng,tladimonaheng@gmail.com
denis,profjomo@gmail.com
mmatau penny ramaila,pennyramaila@webmail.co.za
tanya herbert,tanya.m.herbert@gmail.com
claud,claud1o@live.co.za
diandra,joonedandie@gmail.com
thabang nicoline simela,mosikiliT@ymail.com
mukhethwa mmbulungeni mutavhat,muta.rmem@gmail.com
sherriff,sherriffomar@yahoo.com
Meraj,merajchhaya@gmail.com
Mashudu Modau,mmodau0312@gmail.com,736653908
selina modau,selinamodau@gmail.com,793721027
Nomfundo Dladla,twish.dladla@inbox.com,798089158
Mduduzi Mahlangu,hurricanej@ovi.com,738107075
Nobuhle,ndimsy143@hotmail.com,799260994
Murida Livhuwani,Ribson71@gmail.com,799491719
Elizabeth Sweatman,elizabethgemma1995@gmail.com,824553424
Neo Molefe,nimzmolefe@gmail.com,729231533
monica,monica101khoza@gmail.com,735276308
Steve,steve.vosloo@pearson.com
Jessie Caalsen,jcaalsen@gmail.com,796752757
Tyhileka,zilutiyasanele@yahoo.com,603784757
Maureen Cassidy,maureensurprise@gmail.com,606120488
Tsholofelo Malesa,petunia.malesa@gmail.com,744094902
babalwa,babjam001@gmail.com,837022896
Kamishrin Pillay,kamishpillay17@icloud.com,833268703
Travis Parker,teparker240295@icloud.com,737667876
Delia Maharaj,delia@prosyscom.co.za,833261796
Jo-Anne Cloete,annycloete@gmail.com,826653107
Bulelisipho,lolly.dhlamini.bulelisipho@gma,814886752
lebo,leemasilo0521@gmail.com,742594139
khayalethu,khayajwara@gmail.com,710833743
John Smith,JSmith@gmail.com,712345678
phumla mongale,phumlamongale@gmail.com,715062216
logan,loggie34@gmail.com,722559536
Botlhale Kubushi,Kubushi16@gmail.com,768104319
Nyakallo Matlanyane,kallo.m16@gmail.com,815284835
Ahmed,hasheik@gmail.com,844018784
Moamogoa Tshimologo,moamogoat@gmail.com,604790726
magugu mbeje,mbejemagugu@gmail.com,744900808
amahle Hoyo,hamahle@ovi.com,612192278
Nhlahla,www.geraldnhlahla@gmail.com,795852168
Erica Ngwenya,ericangwenya@gmail.com,713143856
nkosinathi,www.nkosi@home.com,731585628
Danville Chadwin Reiners,dcreiners@gmail.com,849534640
nkosinathi,www.nkosi@gmail.co.za,832571785
mengas@saymail.co.za,mengas@saymail.co.za,836949704
lerato legoabe,leratomarialegoabe@ovi.com,794870152
Tshepo,tshepomokoena325@gmail.com,727486282
Katlego Marcus Nosi,kmnosi@gmail.com,783798605
thembeka mthethwa,thembeka99@g.mail.com,717464059
makonko md,mdmakonko@gmail.com,760538978
Johannes Chauke,johanneschauke@webmail.co.za,729121450
thobeka wanda,thobekah@mtnloaded.co.za,837468857
Christel vd Merwe,Christelvdmerwe@hotmail.com,798719085
promise makomane,www.pr0mise78@ovi.com,733481819
phindile zimba,phindilezimba@gmail.com,728207804
tebogo makota,41000951@webmail.co.za,723708590
Tumelo,www.tumelotumi@gmail.com,761395329
Anele,anelenhlabathi@gmail.com,761171661
jody,jody94@cellc.blackberry.com,843359576
Phiwe nkomana,Wwww.phiwenkomana@ovi.com,789603712
nompumelelo,mpumishcindi@gmail.com,781184225
Ndumiso Erick,Ndumiso46@mobileemail.vodafone,715268154
mzokuhle,zits@yahoo.com,785348802
bulelwa precious makhanya,www.THULELWA@Gmail.com,712137728
Bahle Ndamase,bahlendamase@gmail.com,834968817
wendy mgoqi,wendymgoqi87@gmail.com,837619744
mogoaphaphe mahomed,nape.nhlane@gmail.com,617662692
francois,fdrossouw@yahoo.com,844495890
Amy Brown,amy.francis777@yahoo.com,794950694
hugo agogo,the_agogo@yah00.com,812345678
abie,abie.mokobane@gmail.com,769632025
asd,ASD@IKNWR.COM
Phumelele Nakane,Phuminakane@gmail.com,791937941
khululekani,skhululekani@gmail.com,740466401
lindokuhle,l.nmgabi@gmail.com,849634492
mduduzi,mduduzimgiba3@gmail.com,781196754
JA,koilastir@yahoo.com
Natasha Dinile,ndinile@gmail.com,769737597
Hayley,hterblanche@mandlemetro.gov.za,415065293